Condition,Sample,Mouse ID,Genotype,Condition,column_name
K,K1A,R186,KrasLSLG12D/+; RosaM/M,K,K1A
K,K2A,R185,KrasLSLG12D/+; RosaM/M,K,K2A
K,K2B,R185,KrasLSLG12D/+; RosaM/M,K,K2B
K,K2C,R185,KrasLSLG12D/+; RosaM/M,K,K2C
K,K3A,R190,KrasLSLG12D/+; RosaM/M,K,K3A
K,K4A,R189,KrasLSLG12D/+; RosaM/M,K,K4A
K,K5B,R769,KrasLSLG12D/+; RosaM/M,K,K5B
K,K5C,R769,KrasLSLG12D/+; RosaM/M,K,K5C
K,K6A,R771,KrasLSLG12D/+; RosaM/M,K,K6A
K,K6B,R771,KrasLSLG12D/+; RosaM/M,K,K6B
TK,TK1A,R192,TAp73fltd/fltd; Rosa+/+; KrasLSLG12D/+,TK,TK1A
TK,TK2A,R194,TAp73fltd/fltd; Rosa+/+; KrasLSLG12D/+,TK,TK2A
TK,TK4A,R913,TAp73fltd/fltd; RosaM/+; KrasLSLG12D/+,TK,TK4A
TK,TK4B,R913,TAp73fltd/fltd; RosaM/+; KrasLSLG12D/+,TK,TK4B
TK,TK4C,R913,TAp73fltd/fltd; RosaM/+; KrasLSLG12D/+,TK,TK4C
TK,TK4D,R913,TAp73fltd/fltd; RosaM/+; KrasLSLG12D/+,TK,TK4D
TK,TK5B,R911,TAp73fltd/fltd; RosaM/+; KrasLSLG12D/+,TK,TK5B
TK,TK5C,R911,TAp73fltd/fltd; RosaM/+; KrasLSLG12D/+,TK,TK5C
TK,TK5D,R911,TAp73fltd/fltd; RosaM/+; KrasLSLG12D/+,TK,TK5D
TK,TK5E,R911,TAp73fltd/fltd; RosaM/+; KrasLSLG12D/+,TK,TK5E